country,year,visitor_count,revenue_usd,hotel_occupancy_pct
Anguilla,2015,258365,195241263.2,63.4
Anguilla,2016,240394,210222149.06,67.6
Anguilla,2017,289942,222101370.84,64.9
Anguilla,2018,241748,190499841.48,65.8
Anguilla,2019,248183,194751681.93,67.3
Anguilla,2020,72650,57270721.5,20
Anguilla,2021,174299,131175684.41,37.9
Anguilla,2022,253507,204914778.24,49.7
Anguilla,2023,344016,277865163.36,61.5
Anguilla,2024,286769,256093320.07,66.8
Anguilla,2025,348956,304767701.72,66.1
Antigua and Barbuda,2015,835160,737454631.6,67.8
Antigua and Barbuda,2016,833571,772261852.95,71.1
Antigua and Barbuda,2017,809758,762816328.74,62.4
Antigua and Barbuda,2018,764113,662394277.44,62.7
Antigua and Barbuda,2019,786130,654673341.4,64.9
Antigua and Barbuda,2020,222646,196046482.38,20
Antigua and Barbuda,2021,452814,390696975.48,39.6
Antigua and Barbuda,2022,751793,695220576.75,51.0
Antigua and Barbuda,2023,981141,828161495.28,66.0
Antigua and Barbuda,2024,1064405,990258547.7,67.9
Antigua and Barbuda,2025,1018199,984659524.94,70.2
Aruba,2015,934971,796623341.13,66.0
Aruba,2016,972585,861379631.1,72.8
Aruba,2017,1155747,1046135954.52,69.7
Aruba,2018,1062697,1081751157.21,67.5
Aruba,2019,1056799,943055723.63,68.7
Aruba,2020,271129,259172211.1,20
Aruba,2021,633330,561909375.9,40.4
Aruba,2022,970213,837381138.17,50.5
Aruba,2023,1123831,1083328130.76,71.2
Aruba,2024,1246274,1069228315.56,66.7
Aruba,2025,1454789,1375459355.83,73.1
Bahamas,2015,2716467,2818714817.88,75.1
Bahamas,2016,2687297,3113233574.5,69.8
Bahamas,2017,2739651,2905838229.66,71.7
Bahamas,2018,2694735,3380221689.3,76.9
Bahamas,2019,2640997,3037489879.61,68.8
Bahamas,2020,789928,975734864.16,20
Bahamas,2021,1676606,1970112646.36,37.7
Bahamas,2022,2572466,2981642441.96,60.6
Bahamas,2023,3122583,3232279340.79,70.5
Bahamas,2024,2808841,3507371668.29,76.9
Bahamas,2025,3508699,3879673745.27,67.4
Barbados,2015,1363402,1448151068.32,64.2
Barbados,2016,1283171,1143305361.0,71.6
Barbados,2017,1409535,1272161718.9,68.5
Barbados,2018,1378785,1281153234.15,72.8
Barbados,2019,1374174,1262591071.2,69.2
Barbados,2020,379206,347625724.32,20
Barbados,2021,907655,911494380.65,37.4
Barbados,2022,1215104,1094930214.4,52.6
Barbados,2023,1489767,1478176612.74,65.8
Barbados,2024,1480902,1319987188.68,70.2
Barbados,2025,1519287,1601419655.22,72.7
Bermuda,2015,672754,576940375.32,69.1
Bermuda,2016,719519,603280705.55,71.9
Bermuda,2017,808555,727739927.75,70.3
Bermuda,2018,877830,745242556.8,62.9
Bermuda,2019,826099,736194645.83,66.9
Bermuda,2020,227479,213006786.02,20
Bermuda,2021,439837,390298158.69,36.0
Bermuda,2022,789017,678168001.67,51.1
Bermuda,2023,918530,818281635.8,64.9
Bermuda,2024,895305,878840341.05,66.6
Bermuda,2025,1059555,968549821.05,62.4
Bonaire,2015,279956,249474390.72,70.7
Bonaire,2016,283849,253542442.27,62.2
Bonaire,2017,264086,207888499.2,64.7
Bonaire,2018,243634,198510546.86,70.9
Bonaire,2019,264221,233159179.24,65.3
Bonaire,2020,70546,64293508.02,20
Bonaire,2021,164421,143287968.87,34.2
Bonaire,2022,230192,210227447.84,53.3
Bonaire,2023,313139,274438150.99,61.1
Bonaire,2024,323914,270623668.72,69.5
Bonaire,2025,298279,272015534.05,61.3
British Virgin Islands,2015,369839,322599464.53,68.1
British Virgin Islands,2016,385816,305149590.72,70.3
British Virgin Islands,2017,398174,347279399.32,67.5
British Virgin Islands,2018,427547,372102705.04,66.4
British Virgin Islands,2019,494739,398447948.43,68.5
British Virgin Islands,2020,107787,90342751.92,20
British Virgin Islands,2021,247139,203773519.67,37.9
British Virgin Islands,2022,347477,294959326.22,57.2
British Virgin Islands,2023,555055,434574761.7,63.2
British Virgin Islands,2024,479373,445898383.41,70.2
British Virgin Islands,2025,567332,472961995.12,62.6
Cayman Islands,2015,972088,936801205.6,68.9
Cayman Islands,2016,1035399,988309053.48,62.4
Cayman Islands,2017,1026604,912486699.36,69.5
Cayman Islands,2018,1084341,930657350.07,63.5
Cayman Islands,2019,912934,854378413.24,65.2
Cayman Islands,2020,265259,256319771.7,20
Cayman Islands,2021,602918,531948522.22,37.2
Cayman Islands,2022,955951,946487085.1,50.6
Cayman Islands,2023,1095530,969149659.2,62.3
Cayman Islands,2024,1217373,1158196498.47,65.1
Cayman Islands,2025,1237737,1157989605.09,66.9
Cuba,2015,3529282,4392085570.54,81.7
Cuba,2016,4519404,6202430049.6,81.1
Cuba,2017,4323961,5466697413.08,72.4
Cuba,2018,4159361,6108104815.72,80.7
Cuba,2019,4867827,7148452627.77,73.4
Cuba,2020,1080870,1353206005.2,20.1
Cuba,2021,2835331,3783834279.43,43.2
Cuba,2022,3550983,5244553322.19,65.2
Cuba,2023,5526875,7983736743.75,81.7
Cuba,2024,4500619,6410456672.65,74.9
Cuba,2025,5737658,8274907744.18,81.5
Curacao,2015,644747,543373429.19,69.9
Curacao,2016,559872,531766425.6,70.6
Curacao,2017,593632,557996271.04,66.4
Curacao,2018,623422,583660144.84,63.9
Curacao,2019,595176,493847286.0,65.0
Curacao,2020,187584,181309315.2,20
Curacao,2021,402622,348775333.72,39.6
Curacao,2022,585848,563386587.68,50.2
Curacao,2023,827994,684891796.98,71.7
Curacao,2024,719108,585907625.16,66.1
Curacao,2025,822783,700237699.98,67.9
Dominica,2015,300822,247477234.74,66.7
Dominica,2016,290810,255086899.6,60.6
Dominica,2017,350479,297374421.92,68.2
Dominica,2018,345988,301262131.24,64.5
Dominica,2019,301322,262047690.52,64.1
Dominica,2020,82398,74208462.78,20
Dominica,2021,185369,150126645.72,35.7
Dominica,2022,283597,229030101.23,49.6
Dominica,2023,364897,334304035.52,67.8
Dominica,2024,417832,359941376.4,63.8
Dominica,2025,394486,298969104.82,63.6
Dominican Republic,2015,4915865,7491778260.0,82.0
Dominican Republic,2016,5106725,7571485821.25,76.3
Dominican Republic,2017,5265892,8532588102.2,83.8
Dominican Republic,2018,5017956,6901897400.64,80.2
Dominican Republic,2019,5778672,8382310456.32,84.1
Dominican Republic,2020,1524142,2365224521.28,20
Dominican Republic,2021,3010682,4086488999.06,42.2
Dominican Republic,2022,4811118,7721459500.56,59.6
Dominican Republic,2023,6072688,9345441743.84,76.1
Dominican Republic,2024,6649243,9962627279.33,76.7
Dominican Republic,2025,6743450,9114851627.0,83.2
Grenada,2015,425924,335904962.6,65.4
Grenada,2016,379951,355026214.4,66.4
Grenada,2017,378230,307523683.8,69.9
Grenada,2018,431444,391578574.4,68.0
Grenada,2019,500458,436569531.72,71.0
Grenada,2020,125803,110114107.87,20
Grenada,2021,259897,237179403.23,36.7
Grenada,2022,424111,380728685.81,52.7
Grenada,2023,467334,379816361.82,67.7
Grenada,2024,540408,464561737.2,67.5
Grenada,2025,491869,385462979.23,63.9
Guadeloupe,2015,708908,618430071.96,67.7
Guadeloupe,2016,705454,604122587.44,69.3
Guadeloupe,2017,834384,689309653.92,66.3
Guadeloupe,2018,825860,734817193.6,64.1
Guadeloupe,2019,823900,806004892.0,68.2
Guadeloupe,2020,225743,218873640.51,20
Guadeloupe,2021,472776,385581922.32,36.1
Guadeloupe,2022,770165,746266780.05,57.7
Guadeloupe,2023,911925,866146365.0,67.8
Guadeloupe,2024,976103,834001925.26,64.2
Guadeloupe,2025,959985,786947703.75,65.5
Haiti,2015,521497,445019464.95,62.9
Haiti,2016,510969,411437348.49,67.8
Haiti,2017,469830,400088434.8,67.2
Haiti,2018,483144,432336576.96,62.6
Haiti,2019,554852,439304071.0,65.2
Haiti,2020,133802,112376285.74,20
Haiti,2021,315086,287941341.1,38.5
Haiti,2022,455223,362926536.75,49.1
Haiti,2023,625865,598940287.7,64.9
Haiti,2024,657881,604546587.33,68.1
Haiti,2025,689660,653956301.8,63.3
Jamaica,2015,2875896,3358327554.0,70.3
Jamaica,2016,3483643,4427919271.58,71.4
Jamaica,2017,3609917,4772274174.83,70.8
Jamaica,2018,3633681,4786393623.63,70.1
Jamaica,2019,3918941,5375376233.24,70.1
Jamaica,2020,828008,1000068062.4,20
Jamaica,2021,2341186,2877458065.16,42.5
Jamaica,2022,2825860,3681643442.4,61.0
Jamaica,2023,3644958,4823700967.62,78.9
Jamaica,2024,4226967,4902774483.96,80.5
Jamaica,2025,4511592,5489028406.8,73.9
Martinique,2015,726702,658450148.16,65.5
Martinique,2016,837311,806615178.74,63.0
Martinique,2017,882918,820707597.72,70.8
Martinique,2018,858173,766623104.36,69.8
Martinique,2019,933839,806257915.82,70.6
Martinique,2020,217600,196277376.0,20
Martinique,2021,513738,443396993.04,39.1
Martinique,2022,783626,650558468.94,57.1
Martinique,2023,872830,784333766.3,68.4
Martinique,2024,924836,758078820.84,71.0
Martinique,2025,900550,768070089.5,70.5
Montserrat,2015,96168,84235474.56,67.4
Montserrat,2016,97469,71566613.25,70.0
Montserrat,2017,95457,81122222.31,65.2
Montserrat,2018,115753,97814757.59,66.8
Montserrat,2019,111753,96296442.57,61.0
Montserrat,2020,26829,22676407.38,20
Montserrat,2021,66170,53574540.5,36.1
Montserrat,2022,95069,81192728.76,50.8
Montserrat,2023,130036,101000261.56,62.7
Montserrat,2024,115437,88188096.15,61.3
Montserrat,2025,131118,112326168.24,62.0
Puerto Rico,2015,3261763,4194366276.96,78.2
Puerto Rico,2016,4017360,5207944809.6,72.9
Puerto Rico,2017,3354308,4062335332.64,72.2
Puerto Rico,2018,3521496,4101310316.4,75.9
Puerto Rico,2019,3707672,5236604702.64,76.1
Puerto Rico,2020,1053926,1257944995.08,20
Puerto Rico,2021,2266527,3141769066.32,42.0
Puerto Rico,2022,3363116,4286762178.24,57.4
Puerto Rico,2023,3872713,5436475782.27,75.2
Puerto Rico,2024,4788632,6054650528.16,70.3
Puerto Rico,2025,4691354,5511543419.82,71.3
Saba,2015,50754,39351606.36,70.3
Saba,2016,46784,39751429.12,66.3
Saba,2017,56698,43245265.54,65.4
Saba,2018,53852,42960971.52,68.9
Saba,2019,62586,48541075.74,66.4
Saba,2020,14753,12477349.75,20
Saba,2021,30174,22943102.64,36.8
Saba,2022,44416,33505209.6,48.6
Saba,2023,54599,43625146.99,66.1
Saba,2024,60318,46062443.88,67.3
Saba,2025,68166,54504170.28,67.1
Saint Barthelemy,2015,330521,294319034.87,67.2
Saint Barthelemy,2016,320953,293681623.59,65.1
Saint Barthelemy,2017,321401,278609670.86,70.2
Saint Barthelemy,2018,352634,271468232.22,62.4
Saint Barthelemy,2019,320485,283283101.2,66.6
Saint Barthelemy,2020,81874,63758558.76,20
Saint Barthelemy,2021,204033,187006446.15,36.2
Saint Barthelemy,2022,289967,223666045.45,48.8
Saint Barthelemy,2023,365931,297165246.48,63.3
Saint Barthelemy,2024,343630,316067437.7,69.4
Saint Barthelemy,2025,397038,364445150.58,71.2
Saint Kitts and Nevis,2015,364471,295170484.06,61.2
Saint Kitts and Nevis,2016,382672,322971341.28,67.7
Saint Kitts and Nevis,2017,408047,324364721.24,67.0
Saint Kitts and Nevis,2018,393840,333818784.0,61.7
Saint Kitts and Nevis,2019,377696,309975107.2,67.8
Saint Kitts and Nevis,2020,109264,89607406.4,20
Saint Kitts and Nevis,2021,215604,199345302.36,38.1
Saint Kitts and Nevis,2022,342873,288469341.09,51.3
Saint Kitts and Nevis,2023,415592,386018473.28,65.0
Saint Kitts and Nevis,2024,446057,415671597.16,67.7
Saint Kitts and Nevis,2025,459651,383473039.77,62.8
Saint Lucia,2015,725120,689893670.4,68.6
Saint Lucia,2016,820702,698696440.68,67.8
Saint Lucia,2017,876599,783504186.2,69.4
Saint Lucia,2018,743223,736266432.72,68.4
Saint Lucia,2019,787442,663947471.14,67.8
Saint Lucia,2020,218329,181512180.73,20
Saint Lucia,2021,534988,480429923.76,34.7
Saint Lucia,2022,783872,709176837.12,55.7
Saint Lucia,2023,931980,805221400.2,70.8
Saint Lucia,2024,1062283,912097429.46,67.8
Saint Lucia,2025,947759,930092772.24,67.3
Saint Martin,2015,654622,620817319.92,64.4
Saint Martin,2016,661013,574393856.48,71.4
Saint Martin,2017,637181,599377051.27,64.5
Saint Martin,2018,622381,559750799.97,72.1
Saint Martin,2019,670329,550923295.23,67.2
Saint Martin,2020,166088,148346479.84,20
Saint Martin,2021,385226,328401312.74,34.9
Saint Martin,2022,608329,545482531.01,51.2
Saint Martin,2023,793201,637194227.32,69.4
Saint Martin,2024,799532,750808519.92,65.6
Saint Martin,2025,810642,762579035.82,71.9
Saint Vincent and the Grenadines,2015,299663,228951521.89,65.9
Saint Vincent and the Grenadines,2016,315687,285463126.62,69.8
Saint Vincent and the Grenadines,2017,313444,265289598.28,65.5
Saint Vincent and the Grenadines,2018,344457,284810825.88,67.5
Saint Vincent and the Grenadines,2019,308127,257859161.22,70.8
Saint Vincent and the Grenadines,2020,82908,72498900.6,20
Saint Vincent and the Grenadines,2021,211137,190304112.21,38.3
Saint Vincent and the Grenadines,2022,282037,228768671.81,54.6
Saint Vincent and the Grenadines,2023,395159,357504298.89,61.0
Saint Vincent and the Grenadines,2024,341536,295117842.24,70.3
Saint Vincent and the Grenadines,2025,436559,385726070.04,65.2
Sint Eustatius,2015,45181,37436524.79,69.0
Sint Eustatius,2016,50803,42588662.93,69.4
Sint Eustatius,2017,47225,40367930.0,63.0
Sint Eustatius,2018,52862,39635398.98,65.5
Sint Eustatius,2019,56886,48592590.06,61.7
Sint Eustatius,2020,12922,11201435.7,20
Sint Eustatius,2021,30431,26585434.53,33.8
Sint Eustatius,2022,47948,36790020.92,50.1
Sint Eustatius,2023,54699,46831642.83,69.3
Sint Eustatius,2024,66206,49773670.8,64.5
Sint Eustatius,2025,62590,51394526.7,66.6
Sint Maarten,2015,736375,633113133.75,71.0
Sint Maarten,2016,716734,633686031.42,67.1
Sint Maarten,2017,744858,683794541.16,68.0
Sint Maarten,2018,914166,793441238.04,72.4
Sint Maarten,2019,871899,753477677.82,68.0
Sint Maarten,2020,225240,213818079.6,20
Sint Maarten,2021,499180,451463383.8,39.4
Sint Maarten,2022,688746,660569401.14,54.7
Sint Maarten,2023,897038,834003139.74,68.5
Sint Maarten,2024,993136,938503588.64,69.0
Sint Maarten,2025,1054170,978491135.7,71.6
Suriname,2015,414048,340881577.92,65.6
Suriname,2016,419868,376109357.04,61.9
Suriname,2017,403150,362177865.5,62.8
Suriname,2018,397509,342950889.75,71.2
Suriname,2019,451317,418276082.43,69.7
Suriname,2020,108292,98717904.28,20
Suriname,2021,278695,250326635.95,35.5
Suriname,2022,351438,328682389.5,49.9
Suriname,2023,551532,506118855.12,68.6
Suriname,2024,566514,530257104.0,69.4
Suriname,2025,503248,455821908.48,61.0
Trinidad and Tobago,2015,1008777,939675775.5,69.9
Trinidad and Tobago,2016,1072602,1025300251.8,71.5
Trinidad and Tobago,2017,1172010,1015394303.7,65.1
Trinidad and Tobago,2018,965746,977566731.04,68.7
Trinidad and Tobago,2019,1231620,1093210544.4,63.2
Trinidad and Tobago,2020,309846,315100988.16,20
Trinidad and Tobago,2021,634716,553650072.48,40.1
Trinidad and Tobago,2022,922549,865913716.89,50.9
Trinidad and Tobago,2023,1355248,1181098632.0,67.5
Trinidad and Tobago,2024,1321964,1303073134.44,72.8
Trinidad and Tobago,2025,1274767,1256346616.85,64.2
Turks and Caicos Islands,2015,587743,477899710.73,66.7
Turks and Caicos Islands,2016,604371,582510900.93,61.8
Turks and Caicos Islands,2017,616237,538584975.63,71.6
Turks and Caicos Islands,2018,709791,577180747.47,68.8
Turks and Caicos Islands,2019,679171,657763530.08,65.3
Turks and Caicos Islands,2020,168282,139532703.12,20
Turks and Caicos Islands,2021,421925,369602080.75,37.7
Turks and Caicos Islands,2022,600552,541205451.36,49.3
Turks and Caicos Islands,2023,795210,666910818.6,62.8
Turks and Caicos Islands,2024,773810,625029551.3,69.6
Turks and Caicos Islands,2025,725179,604639746.62,70.8
US Virgin Islands,2015,958854,837789093.96,72.4
US Virgin Islands,2016,907100,913794398.0,64.1
US Virgin Islands,2017,965870,862637814.4,64.5
US Virgin Islands,2018,1132132,963274512.2,62.7
US Virgin Islands,2019,1197947,1067047331.31,66.1
US Virgin Islands,2020,265022,226819078.7,20
US Virgin Islands,2021,653063,644044199.97,37.3
US Virgin Islands,2022,1032588,973203864.12,51.0
US Virgin Islands,2023,1241142,1270606711.08,63.0
US Virgin Islands,2024,1356327,1368520379.73,68.2
US Virgin Islands,2025,1286909,1321964401.16,63.2
